Village,Gram Panchayat,Block,District,State,Ec-Arresting Distress Migration,Ec-Export import,Ec-HH Income,Ec-Livelihood Basket,Ec-Youth Employment,Env-Agro Ecology,Env-Energy,Env-Forest,Env-Soil,Env-Water,S-Gender & Inclusion,S-Health & Nutrition,S-Institution,S-WASH
Harry,Harry,Kusmi,Balrampur,Chhattisgarh,61,20,19,31,54,35,16,53,61,36,33,57,41,20
Ghughari khurd,Ghughari khurd,Shankargarh,Balrampur,Chhattisgarh,50,40,19,31,52,36,15,38,63,37,32,46,37,25
Pahari,Pahari,Shankargarh,Balrampur,Chhattisgarh,70,40,27,34,28,39,17,80,52,39,32,46,37,28
Farsara,Farsara,Bakawand,Bastar,Chhattisgarh,70,20,55,22,50,10,6,47,66,33,35,52,25,31
Chhote Aamabal,Chhote Aamabal,Bastar,Bastar,Chhattisgarh,98,20,45,58,21,52,9,57,53,30,44,43,37,60
Kawadgaon,Kawadgaon,Bastar,Bastar,Chhattisgarh,72,20,34,70,8,36,25,54,66,42,34,47,27,63
Dhamindih,Saraipatera,Bodla,Kabirdham,Chhattisgarh,89,20,52,42,25,28,7,47,51,23,28,46,24,74
AAMAKOT,AMODI,ANTAGARH,Kanker,Chhattisgarh,100,100,47,52,9,25,21,54,36,17,43,44,25,43
PUNGAON,MASBARS,ANTAGARH,Kanker,Chhattisgarh,95,100,44,52,8,35,2,50,52,35,51,44,46,58
Silibahar,Dhaneli,Bhanupratappur,Kanker,Chhattisgarh,93,20,64,74,0,16,0,81,56,14,48,58,25,27
Babukohaka,Golkumhada,Charama,Kanker,Chhattisgarh,98,40,38,69,2,35,42,46,33,50,62,51,58,79
Damkasa,Kasawahi,Charama,Kanker,Chhattisgarh,94,40,36,74,4,40,25,81,52,43,49,32,49,75
Ratedih,Kurrutola,Charama,Kanker,Chhattisgarh,93,60,51,17,0,33,30,86,46,26,49,56,42,83
JHARRIPARA,BARHELI,DURGUKONDAL,Kanker,Chhattisgarh,88,100,73,61,0,16,23,59,34,15,38,43,24,80
ENHUR,HAMATWAHI,DURGUKONDAL,Kanker,Chhattisgarh,94,100,64,60,14,13,9,57,52,15,51,42,14,60
KONDARUNJ,KONDARUNJ,DURGUKONDAL,Kanker,Chhattisgarh,92,80,58,56,2,17,20,52,49,24,36,41,40,46
VAYNAR,PRREKODO,DURGUKONDAL,Kanker,Chhattisgarh,96,60,56,47,11,13,6,55,51,25,20,40,25,66
TARAI GHOTIYA,TARAI GHOTIYA,DURGUKONDAL,Kanker,Chhattisgarh,94,80,53,43,8,12,6,49,53,22,41,37,43,64
Aamajhola,Ichchhapur,Kanker,Kanker,Chhattisgarh,93,40,51,10,19,60,34,58,46,26,40,15,53,74
Rodepara,Kanharpuri,Kanker,Kanker,Chhattisgarh,99,20,36,49,0,49,12,54,48,11,43,15,52,59
Komalpur,Kulgaon,Kanker,Kanker,Chhattisgarh,91,40,8,8,38,25,32,59,59,25,25,31,41,88
Mohanpur,Mohanpur,Lailunga,Raigarh,Chhattisgarh,98,40,30,43,33,13,0,50,49,37,33,69,42,55
Jori,Jori,Lundra,Surguja,Chhattisgarh,89,40,44,46,9,57,7,84,54,20,45,56,45,35
Korandha,Jori,Lundra,Surguja,Chhattisgarh,95,0,34,52,6,13,0,52,72,30,28,50,24,46
Kachhar,Kakni,Lundra,Surguja,Chhattisgarh,89,0,45,62,9,57,7,84,48,18,38,50,37,13
Jadopani,Gopikandar,Gopikandar,Dumka,Jharkhand,82,40,37,76,12,31,3,55,52,12,22,54,55,56
Jhutichapar,Gopikandar,Gopikandar,Dumka,Jharkhand,81,40,31,66,0,47,12,47,57,16,27,48,52,47
Bamerjhanti,Pipra,Kathikund,Dumka,Jharkhand,39,20,84,77,25,13,9,45,42,41,46,48,48,56
JAMBAD,HIRAPUR,SHIKARIPARA,Dumka,Jharkhand,44,20,28,12,9,35,32,59,52,45,37,53,53,29
JABARDAHA,JAMUGARIA,SHIKARIPARA,Dumka,Jharkhand,79,20,33,20,27,32,11,72,64,39,38,54,50,16
Talbadiya,Bada Boarijor,Boarijor,Godda,Jharkhand,80,40,15,22,5,42,18,38,47,26,19,50,10,7
Bansdanda,Bara Amarpur,Boarijor,Godda,Jharkhand,76,40,12,17,0,14,33,39,36,41,28,34,51,32
Chhota Haripur,Chandna,Sundarpahari,Godda,Jharkhand,75,40,40,28,0,37,13,41,64,42,41,55,36,37
Chhota Sindari,Chandna,Sundarpahari,Godda,Jharkhand,34,20,30,37,18,28,11,52,53,38,31,62,31,41
Bariyarpur,Kushmaha,Sundarpahari,Godda,Jharkhand,40,20,26,15,12,65,39,39,51,42,38,35,51,40
Chhota Ajiyatu,Ruki,Ghaghra,Gumla,Jharkhand,36,20,43,55,0,11,12,75,40,24,44,54,33,58
PODHA,Ruki,Ghaghra,Gumla,Jharkhand,40,60,41,67,0,62,28,57,35,47,58,53,65,56
Kulhi,Anjan,Gumla,Gumla,Jharkhand,37,40,40,23,0,25,18,42,55,39,14,56,40,40
Jana,Dumerdih,Gumla,Gumla,Jharkhand,64,60,39,54,0,82,23,86,82,35,40,60,52,58
Barchorgain,Hisri,Kisko,LOHARDAGA,Jharkhand,73,40,46,43,7,45,13,51,53,14,20,53,45,58
Chhotchorgain,Hisri,Kisko,LOHARDAGA,Jharkhand,42,80,50,42,10,45,12,59,50,21,30,55,34,38
Hisri,Hisri,Kisko,LOHARDAGA,Jharkhand,79,20,47,47,56,24,1,52,53,30,26,69,37,53
TISIYA,PAKHAR,Kisko,LOHARDAGA,Jharkhand,76,40,46,50,37,50,12,56,49,23,23,84,39,52
Khamhar,Salgi,Kuru,LOHARDAGA,Jharkhand,46,40,24,47,22,48,1,57,45,24,42,83,40,40
Rocho,Salgi,Kuru,LOHARDAGA,Jharkhand,60,40,41,40,3,55,9,50,57,17,40,55,49,59
Chandwa,ALAUDI,SENHA,LOHARDAGA,Jharkhand,33,40,52,33,18,52,12,53,53,14,38,49,31,54
CHURKU,ALAUDI,SENHA,LOHARDAGA,Jharkhand,71,20,44,41,44,41,21,41,56,16,42,60,37,51
Angariya,Champawa,Bandgaon,West Singhbhum,Jharkhand,90,20,12,53,8,67,0,61,59,26,24,53,35,31
Sankai,Champawa,Bandgaon,West Singhbhum,Jharkhand,86,80,30,61,19,82,0,76,48,24,30,53,26,5
Otar,Otar,Bandgaon,West Singhbhum,Jharkhand,76,20,29,64,2,25,0,45,46,33,23,54,21,20
Bikrampur,Baljodi,Sonua,West Singhbhum,Jharkhand,70,40,45,47,1,36,1,40,43,25,28,57,33,26
Podapadar,Kadamguda,Lanjigarh,Kalahandi,Odisha,86,40,29,59,5,39,28,66,25,17,64,52,49,34
TRASKIPADAR,DADAKI,PHULBANI,KANDHAMAL,Odisha,93,20,36,76,10,36,10,59,82,43,63,63,33,31
BHANDARPADAR,MINIA,PHULBANI,KANDHAMAL,Odisha,92,40,52,79,50,35,42,63,50,38,63,65,39,51
LITIPUT,GUNEIPADA,LAMTAPUT,KORAPUT,Odisha,90,20,30,43,0,20,13,50,62,37,37,35,33,31
POTENDA,LAMTAPUT,LAMTAPUT,KORAPUT,Odisha,100,60,31,47,6,43,10,44,55,22,25,44,41,25
Marda,Hikimput,Nandapur,KORAPUT,Odisha,80,100,61,40,0,12,12,50,62,18,31,56,66,23
ANLAGHATI,KHURJI,Nandapur,KORAPUT,Odisha,94,60,42,42,0,18,9,53,68,20,34,48,42,49
BHATABIR,KHURJI,Nandapur,KORAPUT,Odisha,98,60,37,44,13,26,5,55,54,27,28,46,42,28
BURUDIPUT,KHURJI,Nandapur,KORAPUT,Odisha,99,60,47,42,0,21,4,47,51,35,36,47,40,25
Raipada,Khandabandha,Thakurmunda,Mayurbhanj,Odisha,90,40,37,74,18,42,2,84,42,26,58,51,39,44
Baliabeda,Taramara,Thakurmunda,Mayurbhanj,Odisha,29,40,44,65,6,20,12,30,49,25,40,38,48,65
Hajaridang,Suri,KOLNARA,Rayagada,Odisha,95,20,15,76,10,42,32,60,27,22,61,75,61,24
